url,label
http://tablet80.zemestan38.workers.dev,phish
http://tabloidgazete.com/1xp/cgn-in/login.php?l=_jehfuq_vjoxk0qwhtogydw_product-userid&userid=[%ec%88%98%ec%8b%a0%ea%b3%84%ec%a0%95],phish
http://tabloidgazete.com/demm/edt.html,phish
http://tabmuebles.com/wp-admin/js/excelz/bizmail.php,phish
http://taboonat.com/m,phish
http://tacauctioneers.com/wp-admin/aa,phish
http://tacgaple24x7-e1.vercel.app,phish
http://tack-filt.web.app/verify/web/index.html,phish
http://tacklebox.uhy-us.com/afwgjdlti0vo5be8,phish
http://tacklebox.uhy-us.com/al4jxjqrjqod7m2p,phish
http://tacotec.com.br/adobe/adobe%20cloud,phish
http://tacrollehoixa-6659.vercel.app/ppo.eozlg,phish
http://tac-sa.com,phish
http://tacway.ru/wp-includes/alibaba/portal.php,phish
http://tadafresh.com/appsuite/v1/index.html,phish
https://artfulparent.com,benign
https://avertx.com,benign
https://story.nl,benign
https://docwilloughbys.com,benign
https://manners.nl,benign
https://viva.nl,benign
https://dominicos.org,benign
https://rossmann.com.tr,benign
https://visionias.in,benign
https://remarkable.engineering,benign
https://apkgk.com,benign
https://blokada.org,benign
https://bigblueview.com,benign
https://news.pn,benign
https://chatlyverse.com,benign
